file	answers	answer	objectives	vocab	real-world	remember	you-try	you-try-m	think	gotcha	note
/home/andyross/Documents/Algebra1/chapters/Assessments/Unit_4/Unit4_Quiz1A.qmd	0	0	0	0	0	0	0	0	0	0	0
/home/andyross/Documents/Algebra1/chapters/Assessments/Unit_4/Unit4_Quiz1B.qmd	0	0	0	0	0	0	0	0	0	0	0
/home/andyross/Documents/Algebra1/chapters/Assessments/Unit_4/Unit4_Quiz1C.qmd	0	0	0	0	0	0	0	0	0	0	0
/home/andyross/Documents/Algebra1/chapters/Interactive/index.qmd	0	0	0	0	0	0	0	0	0	0	0
/home/andyross/Documents/Algebra1/chapters/Interactive/Unit_4/exploring_slope_intercept_form.qmd	0	0	0	0	0	0	0	0	0	0	0
/home/andyross/Documents/Algebra1/chapters/Interactive/Unit_4/intro_to_correlation.qmd	0	0	0	0	0	0	0	0	0	0	0
/home/andyross/Documents/Algebra1/chapters/Interactive/Unit_4/slope_intercept_form_game.qmd	0	0	0	0	0	0	0	0	0	0	0
/home/andyross/Documents/Algebra1/chapters/Interactive/Unit_4/understanding_slope.qmd	0	0	0	0	0	0	0	0	0	0	0
/home/andyross/Documents/Algebra1/chapters/Interactive/Unit_6/vertex_form_explorer.qmd	0	0	0	0	0	0	0	0	0	0	0
/home/andyross/Documents/Algebra1/chapters/lesson_template.qmd	1	0	1	1	0	0	0	0	0	0	0
/home/andyross/Documents/Algebra1/chapters/Supplemental/challenge_solutions.qmd	38	0	0	0	0	0	0	0	0	0	0
/home/andyross/Documents/Algebra1/chapters/Supplemental/index.qmd	0	0	0	0	0	0	0	0	0	0	0
/home/andyross/Documents/Algebra1/chapters/Supplemental/worksheets/index.qmd	0	0	0	0	0	0	0	0	0	0	0
/home/andyross/Documents/Algebra1/chapters/Unit_1/1.1_Integers_&_Number_Lines.qmd	1	0	1	1	4	0	1	0	4	2	0
/home/andyross/Documents/Algebra1/chapters/Unit_1/1.2_Factors_Multiples_&_Prime_Factorization.qmd	1	0	1	1	2	0	1	0	1	0	0
/home/andyross/Documents/Algebra1/chapters/Unit_1/1.3_GCF_&_Simplifying_Fractions.qmd	1	0	1	1	1	0	3	0	0	1	0
/home/andyross/Documents/Algebra1/chapters/Unit_1/1.4_Multiply_Divide_&_Compare_Fractions.qmd	1	0	1	1	1	1	4	0	0	1	0
/home/andyross/Documents/Algebra1/chapters/Unit_1/1.5_Adding_and_Subtracting_Fractions.qmd	1	0	1	1	0	0	2	0	0	1	0
/home/andyross/Documents/Algebra1/chapters/Unit_1/1.6_Fractions_Decimals_&_Percents.qmd	1	0	1	1	0	1	6	0	0	1	0
/home/andyross/Documents/Algebra1/chapters/Unit_1/1.7_Solving_Problems_with_Fractions_Decimals_and_Percents.qmd	1	0	1	1	0	1	6	0	0	0	0
/home/andyross/Documents/Algebra1/chapters/Unit_1/1.8_Order_of_Operations.qmd	1	0	1	1	1	2	3	0	3	1	0
/home/andyross/Documents/Algebra1/chapters/Unit_1/index.qmd	0	0	0	0	0	0	0	0	0	0	0
/home/andyross/Documents/Algebra1/chapters/Unit_1/Review.qmd	1	0	0	0	0	0	0	0	0	0	0
/home/andyross/Documents/Algebra1/chapters/Unit_2/2.1_Expressions_and_Their_Parts.qmd	1	2	1	1	0	0	4	2	0	2	0
/home/andyross/Documents/Algebra1/chapters/Unit_2/2.2_Evaluating_Expressions.qmd	1	1	1	1	0	1	4	1	1	2	0
/home/andyross/Documents/Algebra1/chapters/Unit_2/2.3_Combining_Like_Terms.qmd	1	1	1	1	1	1	3	1	1	2	0
/home/andyross/Documents/Algebra1/chapters/Unit_2/2.4_The_Distributive_Property.qmd	1	0	1	1	0	0	4	0	0	2	0
/home/andyross/Documents/Algebra1/chapters/Unit_2/2.5_Inputs_Outputs_and_Functions.qmd	1	2	1	1	1	0	5	2	1	2	0
/home/andyross/Documents/Algebra1/chapters/Unit_2/2.6_Equivalent_Expressions.qmd	1	1	1	1	0	1	2	1	1	0	0
/home/andyross/Documents/Algebra1/chapters/Unit_2/index.qmd	0	0	0	0	0	0	0	0	0	0	0
/home/andyross/Documents/Algebra1/chapters/Unit_2/Review.qmd	1	0	0	0	0	0	0	0	0	0	0
/home/andyross/Documents/Algebra1/chapters/Unit_3/3.1_Solving_One-Step_Equations.qmd	1	1	1	1	0	1	5	1	0	0	0
/home/andyross/Documents/Algebra1/chapters/Unit_3/3.2_Solving_Two-Step_Equations.qmd	1	1	1	1	0	1	4	1	0	0	0
/home/andyross/Documents/Algebra1/chapters/Unit_3/3.3_Multi-Step_Equations_with_Distribution.qmd	1	1	1	1	0	0	3	1	0	0	0
/home/andyross/Documents/Algebra1/chapters/Unit_3/3.4_Equations_with_Variables_on_Both_Sides.qmd	1	1	1	1	0	1	3	1	0	1	0
/home/andyross/Documents/Algebra1/chapters/Unit_3/3.5_Equations_With_No_or_Infinite_Solutions.qmd	1	1	1	1	0	3	1	1	0	0	0
/home/andyross/Documents/Algebra1/chapters/Unit_3/3.6_Solving_Inequalities.qmd	1	0	1	1	0	0	0	0	0	1	0
/home/andyross/Documents/Algebra1/chapters/Unit_3/3.7_Solving_Literal_Equations.qmd	1	0	1	1	0	0	3	0	0	0	0
/home/andyross/Documents/Algebra1/chapters/Unit_3/Review.qmd	1	0	0	0	0	0	0	0	0	0	0
/home/andyross/Documents/Algebra1/chapters/Unit_4/4.1_Graphing_Function_Rules.qmd	1	1	1	1	0	1	2	1	1	0	1
/home/andyross/Documents/Algebra1/chapters/Unit_4/4.2_Understanding_Slope.qmd	1	1	1	1	0	0	2	1	3	0	0
/home/andyross/Documents/Algebra1/chapters/Unit_4/4.3_The_Equation_of_a_Line.qmd	1	0	1	1	0	1	4	0	0	0	0
/home/andyross/Documents/Algebra1/chapters/Unit_4/4.4_Writing_Linear_Equations.qmd	1	2	1	1	0	0	5	2	0	0	1
/home/andyross/Documents/Algebra1/chapters/Unit_4/4.5_Systems_of_Equations.qmd	1	1	1	1	0	0	1	1	0	0	2
/home/andyross/Documents/Algebra1/chapters/Unit_4/4.6_Linear_Models_in_the_Real_World.qmd	1	0	1	1	0	0	3	0	4	0	1
/home/andyross/Documents/Algebra1/chapters/Unit_4/4.7_Graphing_Linear_Inequalities.qmd	1	1	1	1	0	1	3	1	0	1	0
/home/andyross/Documents/Algebra1/chapters/Unit_4/index.qmd	0	0	0	0	0	0	0	0	0	0	0
/home/andyross/Documents/Algebra1/chapters/Unit_4/Review.qmd	1	0	0	0	0	0	0	0	0	0	0
/home/andyross/Documents/Algebra1/chapters/Unit_5/5.1_Exponent_Rules.qmd	1	0	1	1	0	0	9	0	0	1	3
/home/andyross/Documents/Algebra1/chapters/Unit_5/5.2_Simplifying_Polynomials.qmd	1	1	1	1	0	0	2	1	0	0	0
/home/andyross/Documents/Algebra1/chapters/Unit_5/5.3_Multiplying_Polynomials.qmd	1	0	1	1	0	0	5	0	0	0	2
/home/andyross/Documents/Algebra1/chapters/Unit_5/5.4_Factoring_Polynomials_A.qmd	1	0	1	1	0	1	5	0	0	1	1
/home/andyross/Documents/Algebra1/chapters/Unit_5/5.5_Factoring_Polynomials_B.qmd	1	0	1	1	0	0	6	0	0	0	2
/home/andyross/Documents/Algebra1/chapters/Unit_5/index.qmd	0	0	0	0	0	0	0	0	0	0	0
/home/andyross/Documents/Algebra1/chapters/Unit_5/Review.qmd	1	0	0	0	0	0	0	0	0	0	0
/home/andyross/Documents/Algebra1/chapters/Unit_6/6.1_Introduction_to_Quadratic_Functions.qmd	1	3	1	1	1	0	4	3	0	0	0
/home/andyross/Documents/Algebra1/chapters/Unit_6/6.2_Graphing_Quadratics.qmd	1	1	1	1	0	0	4	1	0	1	1
/home/andyross/Documents/Algebra1/chapters/Unit_6/6.3_Solving_Quadratic_Equations_by_Factoring.qmd	1	0	1	1	0	0	1	0	0	0	0
/home/andyross/Documents/Algebra1/chapters/Unit_6/6.4_Completing_the_Square.qmd	1	0	1	1	0	0	2	0	0	0	1
/home/andyross/Documents/Algebra1/chapters/Unit_6/6.5_The_Quadratic_Formula.qmd	1	0	1	1	0	0	2	0	0	0	1
/home/andyross/Documents/Algebra1/chapters/Unit_6/6.6_Applications_of_Quadratics.qmd	1	2	1	1	0	0	2	2	0	0	1
/home/andyross/Documents/Algebra1/chapters/Unit_6/index.qmd	0	0	0	0	0	0	0	0	0	0	0
/home/andyross/Documents/Algebra1/chapters/Unit_6/Review.qmd	1	0	0	0	0	0	0	0	0	0	0
