file	unit	lesson	title	headings	intro_first_sentence	example_count	you-try_count	you-try-m_count	think_count	remember_count	gotcha_count	real-world_count	note_count	you_try_titles	remember_snippets	gotcha_snippets	think_snippets
chapters/Unit_1/1.1_Integers_&_Number_Lines.qmd	1	1.1	1.1 - Integers & Number Lines		Did you know that all of mathematics is actually built up from simple things like counting?	1	1	0	4	0	2	4	0	Compare 3 to -8 using a number line.		"**Example 1:** How many numbers between 3 and 5? | It is easy to get confused here. When we say which number is ""bigger"" (or greater than), we are asking which number is …"	Here are a few examples: | The opposite of zero is zero. Zero is the only number that is its own opposite!
chapters/Unit_1/1.2_Factors_Multiples_&_Prime_Factorization.qmd	1	1.2	1.2 - Factors, Multiples & Prime Factorization		Have you ever had to split something up evenly, like slices of pizza or players on a team?	3	1	0	1	0	0	2	0	Can you find at least one more factor tree for 360?			Only one number does: **1**. It only has itself as a factor!
chapters/Unit_1/1.3_GCF_&_Simplifying_Fractions.qmd	1	1.3	1.3 - GCF & Simplifying Fractions		Suppose you’re making snack packs and have 20 bags of chips and 35 cookies.	0	3	0	0	0	1	1	0	Find the GCF for 45 and 180.|Use factor trees to divide 480 by 60.|Write $\frac{30}{90}$ in simplest form		If the numerator and denominator of a fraction share no common factors (besides 1) the two numbers are called {{< glink…	
chapters/Unit_1/1.4_Multiply_Divide_&_Compare_Fractions.qmd	1	1.4	1.4 - Multiplying & Dividing Fractions		In previous lessons, you've learned how fractions, decimals, and percents relate to each other.	5	4	0	0	1	1	1	0	$\frac{3}{5} \times \frac{4}{7}$|$5 \times \frac{3}{4}$|$\frac{8}{9} \times \frac{3}{4}$|$3 \tfrac{2}{3} \times 4 \tfrac{1}{2}$	Dividing fractions is as easy as 1-2-3:	Zero has no reciprocal (you can’t divide by 0). For mixed numbers, convert to an improper fraction before taking the re…	
chapters/Unit_1/1.5_Adding_and_Subtracting_Fractions.qmd	1	1.5	1.5 - Adding & Subtracting Fractions		In earlier lessons, you learned how to multiply and divide fractions.	6	2	0	0	0	1	0	0	$\frac{10}{15} - \frac{4}{15}$|Add $\frac{2}{3} + \frac{1}{6}$		A common mistake students make is to add the numerators together **and** the denominators together. **Only add the nume…	
chapters/Unit_1/1.6_Fractions_Decimals_&_Percents.qmd	1	1.6	1.6 - Fractions, Decimals & Percents: Conversions		Fractions, decimals, and percents are just different ways of showing the same thing (a part of a whole).	6	6	0	0	1	1	0	0	Write $\frac{2}{5}$ as a decimal.|What is 1.342 as a percent?|What is $\frac{2}{3}$ as a percent?|Write 0.51 as a fraction.|What is 35% as a decimal?|What is 35% as a fraction?	Some conversions are so common that it helps to **memorize** them. These are called **benchmark values**:	When you use a calculator to turn a fraction into a decimal, the result might look like it stops, but that can be misle…	
chapters/Unit_1/1.7_Solving_Problems_with_Fractions_Decimals_and_Percents.qmd	1	1.7	1.7 - Solving Problems With Fractions, Decimals & Percents		Now that you know how to multiply and divide fractions, you're ready to apply those skills to real-life problems.	6	6	0	0	1	0	0	0	What is 10% of 50?|If 3 out of 75 students get enough sleep, what percent is that?|20% of a number is 12. What is the number?|If John got 20 out of 25 questions correct, what is his grade?|Swanhilda finds a $300 prom dress on sale at 65% off. What does the dress cost?|If a survey found 550 -- which is 55% -- like cucumbers. How many students were surveyed?	Convert the percent to a decimal first!		
chapters/Unit_1/1.8_Order_of_Operations.qmd	1	1.8	1.8 - Order of Operations		What does this equal?	8	3	0	3	2	1	1	0	$5(8 - 1) + 2 \times 3$|$-3 \times (4 - 7)$|$\left[ 5 + (3^2 - 1) \right] \times 2$	We often remember the order using **PEMDAS**: | PEMDAS starts with **grouping**, and that means more than just parentheses!	$-3^2$ means $-(3^2)$, which is:	Because they are **two sides of the same operation**. | What does multiplying by a negative number do?
chapters/Unit_2/2.1_Expressions_and_Their_Parts.qmd	2	2.1	2.1 - Expressions & Their Parts		Learning mathematics is about more than number crunching, you’re learning a new language.	4	2	2	0	0	2	0	0	Write an expression that represents 10 boxes of pencils|Make your own expression with 4+ terms. List the parts.		"In algebra, we usually don’t use $\times$ for multiplication. Instead, we use a dot ""$\cdot$"" or simply place terms nex… | The sign (+ or −) belongs to the term."	
chapters/Unit_2/2.2_Evaluating_Expressions.qmd	2	2.2	2.2 - Evaluating Expressions		In the last lessons, you learned how to solve one-step and two-step {{< glink slug=equation text=equations >}}.	8	3	1	1	1	2	0	0	Evaluate $5x-2$ when $x=-3$|Evaluate $20(x - 2) + 2x^2$ when $x=5$.|Evaluate $\frac{1}{2}x^2 - 3y$ when $x = 4$ and $y = 3$.	"When you see ""**=**"", think ""**is**"". In the previous example, we could say ""x **is** 3""."	It is easy to lose track of negative signs when substituting numbers in an expression. To avoid mistakes, put parenthes… | When we substitute numbers to check if two expressions are equivalent, we are really testing a {{< glink hypothesis >}}:	$4x + 1$ -- The story
chapters/Unit_2/2.3_Combining_Like_Terms.qmd	2	2.3	2.3 - Combining Like Terms		When we speak, we sometimes **shorten** a sentence without changing its meaning.	2	2	1	1	1	2	1	0	Simplify $2z - 3z^2 + 5z^3 - z^2 + 5z^3 - 8 - z$|Simplify $3b - 2 + 4b - 5$ and check your work.	The **sign** (+ or -) belongs with the term. In $7x - 2x$ the terms are $+7x$ and $-2x$.	Always remember that the powers need to be the same. That means terms like $p^3$ and $p^2$ are **not** like terms. They… | In the previous example, notice what happened when we grouped the $x$ terms. The negative stayed with $-1.5x$. We had t…	We can change the order because addition is {{< glink commutative >}} (and subtraction is adding a negative).
chapters/Unit_2/2.4_The_Distributive_Property.qmd	2	2.4	2.4 - The Distributive Property		Imagine your football (soccer) team wants to order new jerseys.	5	4	0	0	0	2	0	0	Expand $5(x+7)$ using the distributive property.|Expand $-2(3-y)$|Factor the expression $12x + 18$.|Expand $-2(5 - 2x) + 3(x - 7)$. Check your work.		When you distribute make sure you multiply **every** term in the expression. Students often make the mistake of only di… | Students often forget to keep the sign with the multiplier.	
chapters/Unit_2/2.5_Inputs_Outputs_and_Functions.qmd	2	2.5	2.5 - Inputs and Outputs of Functions		So far in this unit, you’ve learned how to evaluate expressions by plugging in values for variables.	7	3	2	1	0	2	1	0	Describe in words what $g(y) = 2y - 2$ does.|Evaluate $f(2)$ if $f(x) = 9 - 3x$|Simplify $q(x) = 2(x+5) + 3x$. Then find $q(3)$.		Read $f(x)$ as “$f$ of $x$.” It is a single name for the output when the input is $x$. It does **not** mean to multiply… | It’s okay if **different inputs** give the **same output**. For example, two different temperatures could both “feel li…	A shorter rule makes evaluation quicker and reduces mistakes.
chapters/Unit_2/2.6_Equivalent_Expressions.qmd	2	2.6	2.6 - Equivalent Expressions		When you visit another country, you might hear the same word said in different ways.	8	1	1	1	1	0	0	0	Prove $3 - 2(x + 1)$ and $x + 1 - 3x$ are equivalent.	Testing a few values gives **evidence**, not a full **proof**. A proof shows it's true for **all** inputs.		Yes. You can never prove that two expressions **are** equivalent by testing values, but one counterexample is enough to…
chapters/Unit_3/3.1_Solving_One-Step_Equations.qmd	3	3.1	3.1 - Solving One-Step Equations		"In Unit 2, we learned how to work with {{< glink ""equivalent expressions"" >}}."	5	4	1	0	1	0	0	0	Solve $x + 9 = 11$.|Solve $x - 12 = 2$.|Solve $3x = 15$.|Solve $\frac{x}{5}=10$	Do the same move to **both** sides.		
chapters/Unit_3/3.2_Solving_Two-Step_Equations.qmd	3	3.2	3.2 - Solving Two-Step Equations	3.2.2 - Word Problems with Two-Step Equations	With one-step equations, we identified the operation and did the opposite to both sides.	6	3	1	0	1	0	0	0	Solve $3x - 2 = 7$.|Solve $\frac{x}{2} + 6 = 10$.|Solve $3 - x = 7$	When a variable has no coefficient, the coefficient is $1$. When the variable has only a minus sign, the coefficient is…		
chapters/Unit_3/3.3_Multi-Step_Equations_with_Distribution.qmd	3	3.3	3.3 - Multi-Step Equations with Distribution		In the last lessons, you learned how to solve one-step and two-step {{< glink slug=equation text=equations >}}.	7	2	1	0	0	0	0	0	Solve $3(2x + 1) = 15$|Solve $4(x + 2) - 3x + 5 = 18$			
chapters/Unit_3/3.4_Equations_with_Variables_on_Both_Sides.qmd	3	3.4	3.4 - Solving Equations With Variables on Both Sides	3.4.3 - Word Problems with Variables on Both Sides	So far, every equation we solved had the variable on one side only.	8	2	1	0	1	1	0	0	Solve $5x + 3 = 2x + 12$.|Solve $2(x + 4) = x + 10$.	When solving an equation with variables on both sides:	It can't be said enough, what you do to one side of an equation, you **must** do to the other side. Otherwise the equat…	
chapters/Unit_3/3.5_Equations_With_No_or_Infinite_Solutions.qmd	3	3.5	3.5 - Equations With No or Infinite Solutions		So far, every equation we solved had exactly one solution.	7	0	1	0	3	0	0	0		If you solve an equation and end up with two different numbers on either side of the equals sign, there is no solution. | If you solve an equation and get the same thing on each side of the equal sign, the problem has infinitely many solutio…		
chapters/Unit_3/3.6_Solving_Inequalities.qmd	3	3.6	3.6 - Solving Inequalities		You have \$20 in your pocket and want to buy some candy at the grocery store.	8	0	0	0	0	1	0	0			Don't forget to *flip the sign* when you multiply or divide by a negative number. If you are in doubt, you can always t…	
chapters/Unit_3/3.7_Solving_Literal_Equations.qmd	3	3.7	3.7 - Solving Literal Equations		Imagine you’re asked to solve for time $t$ in the equation $d = rt$.	7	3	0	0	0	0	0	0	Solve $V = IR$ for $I$|Solve $3a + b = 2c$ for $b$|Solve $PV = nR(T + 2)$ for $T$.			
chapters/Unit_4/4.1_Graphing_Function_Rules.qmd	4	4.1	4.1 - Graphing Function Rules		So far, you've worked with rules that take an input, do something to it, and give an output.	3	1	1	1	1	0	0	1	Using $x = -1, 1,$ and $3$, graph $g(x) = 3x - 2$.	$f(x)$ means the same thing as $y$.		Yes! Each $x$ value gives only one $y$ value.
chapters/Unit_4/4.2_Understanding_Slope.qmd	4	4.2	4.2 - Understanding Slope		In the previous lesson, you graphed straight lines by making a table of $x$ and $y$ values.	5	1	1	3	0	0	0	0	Calculate the slope between $(0, 95)$ and $(-50, 2)$			"| Panel |    Direction    | Change in y Compared to Change in x | | It means the line is **horizontal**. If $y$-values don't change as $x$ changes, then there is no ""rise""."
chapters/Unit_4/4.3_The_Equation_of_a_Line.qmd	4	4.3	4.3 - The Equation of a Line		In the last lesson, you learned how to find and use the **slope** of a line.	5	4	0	0	1	0	0	0	Graph the line with slope $m = \tfrac{3}{2}$ that passes through $(2, 2)$|Find the y-intercept for ${f}(x) = 2x - 4$|Find the x- and y-intercepts for $y = 2x + 1$|Graph the line ${f}(x) = 3x - 2$	To find intercepts:		
chapters/Unit_4/4.4_Writing_Linear_Equations.qmd	4	4.4	4.4 - Writing Linear Equations		In the last lesson, you learned how slope and intercept describe a line.	10	3	2	0	0	0	0	1	Find the equation for a line with slope 2 and y-intercept 7|Find the equation of the line with slope $m = \tfrac{1}{2}$ that passes through $(4, 3)$.|Find the equation of the line passing through $(0, -2)$ and $(3, 4)$.			
chapters/Unit_4/4.5_Systems_of_Equations.qmd	4	4.5	4.5 - Systems of Equations		So far, you’ve graphed **one line at a time**, each showing a single rule or relationship.	9	0	1	0	0	0	0	2				
chapters/Unit_4/4.6_Linear_Models_in_the_Real_World.qmd	4	4.6	4.6 - Linear Models in the Real World		Real life is full of linear patterns.	7	3	0	4	0	0	0	1	What will the temperature be after 15 minutes?|How much will it cost to ride 20 miles?|Predict the fuel efficiency for a car weighing 3450 lbs.			$$ | We can use either equation.
chapters/Unit_4/4.7_Graphing_Linear_Inequalities.qmd	4	4.7	4.7 - Graphing Linear Inequalities		You’ve learned how to **graph lines** from equations like $y = 2x + 3$.	8	2	1	0	1	1	0	0	Graph the inequality $y < 3x - 5$|Solve and graph 4x - 2y ≤ 8	Each shaded region shows where **one inequality** is true.	When you multiply or divide both sides by a **negative number**, the inequality **reverses direction**.	
chapters/Unit_5/5.1_Exponent_Rules.qmd	5	5.1	5.1 - Exponent Rules		When we start working with algebraic expressions, we quickly see powers like $x^2$, $x^3$, or $x^4$.	11	9	0	0	0	1	0	3	Simplify $x^9 \cdot x^3$|Simplify $\dfrac{p^9}{p^4}$|Simplify $(x^3)^2$|Simplify $(3y)^3$|Simplify $\left(\dfrac{2m}{5}\right)^3$|Simplify $(3a^4)^0$|Rewrite with positive exponents: $\dfrac{3x^{-2}y^3}{6x^5y^{-1}}$|Simplify $16^{\tfrac{3}{4}}$		**Common Mistakes to Avoid**	
chapters/Unit_5/5.2_Simplifying_Polynomials.qmd	5	5.2	5.2 - Simplifying Polynomials		In the last lesson, you learned how exponents behave: how powers multiply, divide, and combine.	6	1	1	0	0	0	0	0	Simplify and write $-3x(2 - 5x - x^2) + 4x - 1$ in standard form.			
chapters/Unit_5/5.3_Multiplying_Polynomials.qmd	5	5.3	5.3 - Multiplying Polynomials		You already know how to multiply a single term by a polynomial, distribute and combine like terms.	6	5	0	0	0	0	0	2	Multiply $(x - 5)(x + 2)$ using distribution|Multiply $352 \cdot 283$ using an area model.|Multiply $(3x - 1)(6x + 2)$.|Multiply $(-4x - 7)(2x^2 - 3x + 9)$.|Multiply $(x+1)(x-2)(2x-3)$.			
chapters/Unit_5/5.4_Factoring_Polynomials_A.qmd	5	5.4	5.4 - Factoring: GCF & Basic Trinomials		You’ve spent a lot of time learning how to {{< glink simplify >}} expressions: distribute, combine like terms, and rewrite things in cleaner forms.	10	5	0	0	1	1	0	1	Factor $15y^3 - 5y$.|Factor $-18xy^2 + 27x^2y$.|Factor $x^2 + 4x + 4$|Factor $a^2 - 16$.|Factor $-9b^3 + 9b^2 + 18b$.	Put the polynomial in standard form	If you factor out a GCF, don't forget to include it in your answer!	
chapters/Unit_5/5.5_Factoring_Polynomials_B.qmd	5	5.5	5.5 - Factoring: General Trinomials & Special Patterns		Up until now, the trinomials you have been factoring have all started the same way.	7	6	0	0	0	0	0	2	factor $10y^2 + 13y + 3$|factor $14w^2 + 3w - 2$|factor $18p^2 - 13p - 5$|factor $21r^2 + 30r + 9$|factor $49p^2 - 25$|factor $9a^2 - 30a + 25$			
chapters/Unit_6/6.1_Introduction_to_Quadratic_Functions.qmd	6	6.1	6.1 - Introduction to Quadratics		Up to now, we have learned a lot about functions that model situations with straight-line behavior.	11	1	3	0	0	0	1	0	Will $f(x) = 3x^2 - 4x + 1$ open upward or downward?			
chapters/Unit_6/6.2_Graphing_Quadratics.qmd	6	6.2	6.2 – Graphing Quadratics		In the last lesson, you looked at graphs of quadratic functions and learned the key features of a parabola: the vertex, the axis of symmetry, and how the graph can have a maximum or a minimum.	6	3	1	0	0	1	0	1	Graph $g(x) = (x + 1)^2 + 3$.|Find the axis of symmetry for $f(x) = 2x^2 + 4x - 1$|Find the vertex of $f(x) = 2x^2 + 8x - 5$.		Students often forget that $h$ is subtracted and $k$ is added in the formula. For example:	
chapters/Unit_6/6.3_Solving_Quadratic_Equations_by_Factoring.qmd	6	6.3	6.3 - Solving Quadratic Equations by Factoring		In the last two lessons, we learned how to graph quadratic functions and describe the shapes of their parabolas.	8	1	0	0	0	0	0	0	Solve $3x^2 - 7x = 6$			
chapters/Unit_6/6.4_Completing_the_Square.qmd	6	6.4	6.4 - Completing the Square		In the last lesson, we solved quadratic equations by factoring.	8	2	0	0	0	0	0	1	Rewrite $x^2 + 8x$ as a perfect square plus or minus a number.|Solve $x^2 - 10x + 16 = 0$ by completing the square.			
chapters/Unit_6/6.5_The_Quadratic_Formula.qmd	6	6.5	6.5 - The Quadratic Formula		By now, you’ve seen several ways to solve quadratic equations.	3	2	0	0	0	0	0	1	Solve $4x^2 - 5x - 12 = 0$ using the quadratic formula.|Find the discriminant and number of solutions for $x^2 + x - 2 = 0$			
chapters/Unit_6/6.6_Applications_of_Quadratics.qmd	6	6.6	6.6 - Applications of Quadratics		So far, we have focused on how to work with quadratic equations.	0	0	2	0	0	0	0	1				
